{
    "learning_rate": 0.00010124137770478625,
    "gamma": 0.9525224588112494,
    "net_arch_width": 512,
    "n_steps": 4096,
    "batch_size": 128,
    "ent_coef": 0.0012686721262104854,
    "gae_lambda": 0.95,
    "clip_range": 0.1
}