{
    "learning_rate": 2.2393452288090366e-05,
    "gamma": 0.9692706874854606,
    "net_arch_width": 512,
    "n_steps": 4096,
    "batch_size": 256,
    "ent_coef": 0.002858376347571304,
    "gae_lambda": 0.9,
    "clip_range": 0.3
}