{
    "learning_rate": 0.0001412041487644015,
    "gamma": 0.985339588967893,
    "gae_lambda": 0.9480588089964977,
    "clip_range": 0.14235988855629414,
    "batch_size": 64,
    "ent_coef": 0.00016258885319327834,
    "net_arch_width": 128
}