{
    "learning_rate": 0.00015,
    "gamma": 0.99,
    "net_arch_width": 256,
    "eta": 0.05,
    "beta": 0.07613762547568977,
    "lr_icm": 0.0005399484409787432,
    "R_min": -17.977699765135824,
    "R_max": -4.043491955427681,
    "n_steps": 2048,
    "batch_size": 512,
    "ent_coef": 0.003,
    "gae_lambda": 0.95,
    "clip_range": 0.3
}